backend,run_number,status,elapsed_time_seconds,return_code,output_dir,initial_mean_error_%,initial_max_error_%,initial_min_error_%,continuous_mean_error_%,continuous_median_error_%,continuous_max_error_%,continuous_min_error_%,continuous_std_error_%,continuous_successful_calculations,timeout_limit,efficiency_requirement_failed
cython,1,success,1197.7002890110016,0,C:\Users\Jakub Kalinski\Documents\GitHub\IonTracks-Cython\experimental-data\2019_DCPT\benchmark_results\cython\run_001,-0.04553474802429418,-0.0237943058151209,-0.0648693242009913,0.05945397801091521,0.0527679904006245,0.1145448029229622,0.0304999019274134,0.02875018518656369,10.0,,
cython,2,success,1156.0624191761017,0,C:\Users\Jakub Kalinski\Documents\GitHub\IonTracks-Cython\experimental-data\2019_DCPT\benchmark_results\cython\run_002,-0.04553474802429418,-0.0237943058151209,-0.0648693242009913,0.06007537484482026,0.05356295028738055,0.1211017253024684,0.0252751572820933,0.03226601379773323,10.0,,
cython,3,success,1178.311782360077,0,C:\Users\Jakub Kalinski\Documents\GitHub\IonTracks-Cython\experimental-data\2019_DCPT\benchmark_results\cython\run_003,-0.04553474802429418,-0.0237943058151209,-0.0648693242009913,0.06377353364331848,0.0614150254950497,0.1135649302059632,0.0339439150082851,0.025977798807533516,10.0,,
cython,4,success,1173.477355003357,0,C:\Users\Jakub Kalinski\Documents\GitHub\IonTracks-Cython\experimental-data\2019_DCPT\benchmark_results\cython\run_004,-0.04553474802429418,-0.0237943058151209,-0.0648693242009913,0.05776950968949897,0.05050212391810655,0.120850257796309,0.0265536889655616,0.03283022108842214,10.0,,
cython,5,success,1174.9468173980713,0,C:\Users\Jakub Kalinski\Documents\GitHub\IonTracks-Cython\experimental-data\2019_DCPT\benchmark_results\cython\run_005,-0.04553474802429418,-0.0237943058151209,-0.0648693242009913,0.05811355857773905,0.052063379086977654,0.1037882634216487,0.0259369005608831,0.028604775486891443,10.0,,
cython,6,success,1142.5675656795502,0,C:\Users\Jakub Kalinski\Documents\GitHub\IonTracks-Cython\experimental-data\2019_DCPT\benchmark_results\cython\run_006,-0.04553474802429418,-0.0237943058151209,-0.0648693242009913,0.06175801205738577,0.05553935350494465,0.113561021185217,0.0339815755540757,0.02824126288708307,10.0,,
cython,7,success,1122.1697385311127,0,C:\Users\Jakub Kalinski\Documents\GitHub\IonTracks-Cython\experimental-data\2019_DCPT\benchmark_results\cython\run_007,-0.04553474802429418,-0.0237943058151209,-0.0648693242009913,0.06181014714329434,0.05531247558031585,0.1142461750222786,0.0311430027357201,0.02652325673096833,10.0,,
cython,8,success,1208.2883522510529,0,C:\Users\Jakub Kalinski\Documents\GitHub\IonTracks-Cython\experimental-data\2019_DCPT\benchmark_results\cython\run_008,-0.04553474802429418,-0.0237943058151209,-0.0648693242009913,0.053837343250797844,0.0484157497954458,0.1068216671377799,0.0228383812169473,0.027689699715575288,10.0,,
cython,9,success,1105.9270505905151,0,C:\Users\Jakub Kalinski\Documents\GitHub\IonTracks-Cython\experimental-data\2019_DCPT\benchmark_results\cython\run_009,-0.04553474802429418,-0.0237943058151209,-0.0648693242009913,0.05963715404387372,0.05322282632492405,0.098146338426557,0.0348999926751845,0.022342664034743862,10.0,,
cython,10,success,1093.9640791416168,0,C:\Users\Jakub Kalinski\Documents\GitHub\IonTracks-Cython\experimental-data\2019_DCPT\benchmark_results\cython\run_010,-0.04553474802429418,-0.0237943058151209,-0.0648693242009913,0.06352025707092356,0.0579430102711954,0.1198676254096691,0.0306183100128793,0.029707185763719123,10.0,,
numba,1,success,399.7500989437103,0,C:\Users\Jakub Kalinski\Documents\GitHub\IonTracks-Cython\experimental-data\2019_DCPT\benchmark_results\numba\run_001,-0.04553474802429418,-0.0237943058151209,-0.0648693242009913,0.09547358079129385,0.08589548971506195,0.1837352860814836,0.0380148299586173,0.05110987088311711,10.0,,
numba,2,success,396.28468799591064,0,C:\Users\Jakub Kalinski\Documents\GitHub\IonTracks-Cython\experimental-data\2019_DCPT\benchmark_results\numba\run_002,-0.04553474802429418,-0.0237943058151209,-0.0648693242009913,0.10510547148978122,0.09540049253505714,0.1961666105463439,0.0514959037897534,0.05168848183481676,10.0,,
numba,3,success,408.42821288108826,0,C:\Users\Jakub Kalinski\Documents\GitHub\IonTracks-Cython\experimental-data\2019_DCPT\benchmark_results\numba\run_003,-0.04553474802429418,-0.0237943058151209,-0.0648693242009913,0.09945497798304725,0.0889506053501595,0.1780854534608588,0.0540230037481404,0.043504704645943075,10.0,,
numba,4,success,420.40017437934875,0,C:\Users\Jakub Kalinski\Documents\GitHub\IonTracks-Cython\experimental-data\2019_DCPT\benchmark_results\numba\run_004,-0.04553474802429418,-0.0237943058151209,-0.0648693242009913,0.09557088735755265,0.08697640362550235,0.1855629007602074,0.0414438714254496,0.05341147800173958,10.0,,
numba,5,success,413.3276538848877,0,C:\Users\Jakub Kalinski\Documents\GitHub\IonTracks-Cython\experimental-data\2019_DCPT\benchmark_results\numba\run_005,-0.04553474802429418,-0.0237943058151209,-0.0648693242009913,0.09900957544195196,0.0955336417587738,0.1837314911318908,0.0441754123940367,0.05060041292348426,10.0,,
numba,6,success,404.6671850681305,0,C:\Users\Jakub Kalinski\Documents\GitHub\IonTracks-Cython\experimental-data\2019_DCPT\benchmark_results\numba\run_006,-0.04553474802429418,-0.0237943058151209,-0.0648693242009913,0.10172570950834951,0.09116953515581824,0.2008424674453296,0.0444543831633116,0.05493859347065226,10.0,,
numba,7,success,404.885370016098,0,C:\Users\Jakub Kalinski\Documents\GitHub\IonTracks-Cython\experimental-data\2019_DCPT\benchmark_results\numba\run_007,-0.04553474802429418,-0.0237943058151209,-0.0648693242009913,0.09516922449519737,0.0846388363080606,0.1930179723252969,0.0438589781265821,0.05213069879906796,10.0,,
numba,8,success,401.3081924915314,0,C:\Users\Jakub Kalinski\Documents\GitHub\IonTracks-Cython\experimental-data\2019_DCPT\benchmark_results\numba\run_008,-0.04553474802429418,-0.0237943058151209,-0.0648693242009913,0.0980664224521506,0.08633660004404554,0.1918864800252936,0.0398696206402366,0.052916654184859566,10.0,,
numba,9,success,402.05956983566284,0,C:\Users\Jakub Kalinski\Documents\GitHub\IonTracks-Cython\experimental-data\2019_DCPT\benchmark_results\numba\run_009,-0.04553474802429418,-0.0237943058151209,-0.0648693242009913,0.09613269061552275,0.08582800185783795,0.1893390877306894,0.0465787069553624,0.05092299905064086,10.0,,
numba,10,success,394.73216104507446,0,C:\Users\Jakub Kalinski\Documents\GitHub\IonTracks-Cython\experimental-data\2019_DCPT\benchmark_results\numba\run_010,-0.04553474802429418,-0.0237943058151209,-0.0648693242009913,0.1077973511247656,0.10054726945088954,0.1931861315484784,0.0425337407005377,0.05562536962733506,10.0,,
python,1,efficiency_failed,2395.4203407764435,1,C:\Users\Jakub Kalinski\Documents\GitHub\IonTracks-Cython\experimental-data\2019_DCPT\benchmark_results\python\run_001,,,,,,,,,,2395.400578022003,True
python,2,efficiency_failed,2312.1418306827545,1,C:\Users\Jakub Kalinski\Documents\GitHub\IonTracks-Cython\experimental-data\2019_DCPT\benchmark_results\python\run_002,,,,,,,,,,2312.1248383522034,True
python,3,efficiency_failed,2356.650502681732,1,C:\Users\Jakub Kalinski\Documents\GitHub\IonTracks-Cython\experimental-data\2019_DCPT\benchmark_results\python\run_003,,,,,,,,,,2356.623564720154,True
python,4,efficiency_failed,2346.987823009491,1,C:\Users\Jakub Kalinski\Documents\GitHub\IonTracks-Cython\experimental-data\2019_DCPT\benchmark_results\python\run_004,,,,,,,,,,2346.954710006714,True
python,5,efficiency_failed,2349.9122116565704,1,C:\Users\Jakub Kalinski\Documents\GitHub\IonTracks-Cython\experimental-data\2019_DCPT\benchmark_results\python\run_005,,,,,,,,,,2349.8936347961426,True
python,6,efficiency_failed,2285.1603100299835,1,C:\Users\Jakub Kalinski\Documents\GitHub\IonTracks-Cython\experimental-data\2019_DCPT\benchmark_results\python\run_006,,,,,,,,,,2285.1351313591003,True
python,7,efficiency_failed,47830.958733558655,1,C:\Users\Jakub Kalinski\Documents\GitHub\IonTracks-Cython\experimental-data\2019_DCPT\benchmark_results\python\run_007,,,,,,,,,,2244.3394770622253,True
python,8,efficiency_failed,2416.6174647808075,1,C:\Users\Jakub Kalinski\Documents\GitHub\IonTracks-Cython\experimental-data\2019_DCPT\benchmark_results\python\run_008,,,,,,,,,,2416.5767045021057,True
python,9,efficiency_failed,3054.9412684440613,1,C:\Users\Jakub Kalinski\Documents\GitHub\IonTracks-Cython\experimental-data\2019_DCPT\benchmark_results\python\run_009,,,,,,,,,,2211.8541011810303,True
python,10,efficiency_failed,2187.9486734867096,1,C:\Users\Jakub Kalinski\Documents\GitHub\IonTracks-Cython\experimental-data\2019_DCPT\benchmark_results\python\run_010,,,,,,,,,,2187.9281582832336,True
